{
  "H": 2500.0,
  "Q": 20.016,
  "Tin": 4.0,
  "Rb": 0.1208,
  "r_inner": 0.045,
  "r_outer": 0.055,
  "annulus_outer_radius": 0.0797,
  "rock_properties": {
    "thermal_conductivity": 1.54,
    "density": 2400.0,
    "heat_capacity": 1780.0
  },
  "fluid_properties": {
    "density": 998.0,
    "heat_capacity": 4190.0,
    "thermal_conductivity": 0.6,
    "viscosity": 0.000931
  },
  "geothermal": {
    "Tamb": 14.8,
    "gradient": 0.033
  },
  "insulation_thermal_conductivity": 0.2,
  "R_borehole": 0.03385171416024736,
  "U_wall": 29.540601556133804,
  "R_short_circuit": 0.16228885447704483,
  "U_pa": 6.1618526005521,
  "resistance_components": {
    "wall_path": {
      "annulus_convection": 0.0009315156335773565,
      "outer_pipe": 0.00038636650885715473,
      "grout": 0.032533832017812854
    },
    "short_circuit_path": {
      "center_convection": 0.0012503380583031357,
      "insulation": 0.1596886655824487,
      "annulus_convection": 0.0013498508362930056
    }
  },
  "convection_diagnostics": {
    "center_h": 2828.6562099477924,
    "annulus_h": 2143.7377821547193,
    "center_Re": 84318.57554588914,
    "annulus_Re": 28168.789157869418,
    "Pr": 6.501483333333334
  },
  "operation_metadata": {
    "flow_rate_m3s": [
      0.00556,
      0.00556,
      0.0,
      0.0,
      0.00556,
      0.00556,
      0.0,
      0.0,
      0.00556,
      0.00556,
      0.0,
      0.0,
      0.00556,
      0.00556,
      0.0,
      0.0,
      0.00556,
      0.00556,
      0.0,
      0.0,
      0.00556,
      0.00556,
      0.0,
      0.0,
      0.00556,
      0.00556,
      0.0,
      0.0,
      0.00556,
      0.00556,
      0.0,
      0.0,
      0.00556,
      0.00556,
      0.0,
      0.0,
      0.00556,
      0.00556,
      0.0,
      0.0,
      0.00556,
      0.00556,
      0.0,
      0.0,
      0.00556,
      0.00556,
      0.0,
      0.0,
      0.00556,
      0.00556,
      0.0,
      0.0,
      0.00556,
      0.00556,
      0.0,
      0.0,
      0.00556,
      0.00556,
      0.0,
      0.0,
      0.00556,
      0.00556,
      0.0,
      0.0,
      0.00556,
      0.00556,
      0.0,
      0.0,
      0.00556,
      0.00556,
      0.0,
      0.0,
      0.00556,
      0.00556,
      0.0,
      0.0,
      0.00556,
      0.00556,
      0.0,
      0.0
    ],
    "inlet_temperature_degC": [
      4.0,
      4.0,
      0.0,
      0.0,
      4.0,
      4.0,
      0.0,
      0.0,
      4.0,
      4.0,
      0.0,
      0.0,
      4.0,
      4.0,
      0.0,
      0.0,
      4.0,
      4.0,
      0.0,
      0.0,
      4.0,
      4.0,
      0.0,
      0.0,
      4.0,
      4.0,
      0.0,
      0.0,
      4.0,
      4.0,
      0.0,
      0.0,
      4.0,
      4.0,
      0.0,
      0.0,
      4.0,
      4.0,
      0.0,
      0.0,
      4.0,
      4.0,
      0.0,
      0.0,
      4.0,
      4.0,
      0.0,
      0.0,
      4.0,
      4.0,
      0.0,
      0.0,
      4.0,
      4.0,
      0.0,
      0.0,
      4.0,
      4.0,
      0.0,
      0.0,
      4.0,
      4.0,
      0.0,
      0.0,
      4.0,
      4.0,
      0.0,
      0.0,
      4.0,
      4.0,
      0.0,
      0.0,
      4.0,
      4.0,
      0.0,
      0.0,
      4.0,
      4.0,
      0.0,
      0.0
    ],
    "schedule_note": "保留 OGS 曲线供追溯；当前 baseline 仅支持单一连续工况。"
  },
  "mapping_notes": {
    "rock_near_well_resistance": "由 rock_solver_1d.py 显式求解，未重复串入 R_borehole。",
    "operation_schedule": "当前 baseline 为单一连续工况，未映射 OGS 的启停曲线。"
  }
}