{
  "source_files": [
    "DBHE.prj",
    "DBHE.gml"
  ],
  "units": {
    "length": "m",
    "temperature": "degC",
    "gradient": "K/m"
  },
  "geometry": {
    "H": 2500.0,
    "Rb": 0.1208,
    "outer_pipe_inner_radius": 0.0797,
    "outer_pipe_outer_radius": 0.08889999999999999,
    "center_pipe_inner_radius": 0.045,
    "center_pipe_outer_radius": 0.055,
    "annulus_inner_radius": 0.055,
    "annulus_outer_radius": 0.0797,
    "outer_pipe_wall_thickness": 0.0092,
    "insulation_thickness": 0.01,
    "grout_thickness": 0.03190000000000001
  },
  "materials": {
    "outer_pipe_thermal_conductivity": 45.0,
    "insulation_thermal_conductivity": 0.2,
    "grout_thermal_conductivity": 1.5,
    "grout_density": 1860.0,
    "grout_heat_capacity": 2500.0
  },
  "rock": {
    "thermal_conductivity": 1.54,
    "density": 2400.0,
    "heat_capacity": 1780.0
  },
  "fluid": {
    "density": 998.0,
    "heat_capacity": 4190.0,
    "thermal_conductivity": 0.6,
    "viscosity": 0.000931
  },
  "geothermal": {
    "Tamb": 14.8,
    "gradient": 0.033
  },
  "operation": {
    "flow_rate_m3s": [
      0.00556,
      0.00556,
      0.0,
      0.0,
      0.00556,
      0.00556,
      0.0,
      0.0,
      0.00556,
      0.00556,
      0.0,
      0.0,
      0.00556,
      0.00556,
      0.0,
      0.0,
      0.00556,
      0.00556,
      0.0,
      0.0,
      0.00556,
      0.00556,
      0.0,
      0.0,
      0.00556,
      0.00556,
      0.0,
      0.0,
      0.00556,
      0.00556,
      0.0,
      0.0,
      0.00556,
      0.00556,
      0.0,
      0.0,
      0.00556,
      0.00556,
      0.0,
      0.0,
      0.00556,
      0.00556,
      0.0,
      0.0,
      0.00556,
      0.00556,
      0.0,
      0.0,
      0.00556,
      0.00556,
      0.0,
      0.0,
      0.00556,
      0.00556,
      0.0,
      0.0,
      0.00556,
      0.00556,
      0.0,
      0.0,
      0.00556,
      0.00556,
      0.0,
      0.0,
      0.00556,
      0.00556,
      0.0,
      0.0,
      0.00556,
      0.00556,
      0.0,
      0.0,
      0.00556,
      0.00556,
      0.0,
      0.0,
      0.00556,
      0.00556,
      0.0,
      0.0
    ],
    "inlet_temperature_degC": [
      4.0,
      4.0,
      0.0,
      0.0,
      4.0,
      4.0,
      0.0,
      0.0,
      4.0,
      4.0,
      0.0,
      0.0,
      4.0,
      4.0,
      0.0,
      0.0,
      4.0,
      4.0,
      0.0,
      0.0,
      4.0,
      4.0,
      0.0,
      0.0,
      4.0,
      4.0,
      0.0,
      0.0,
      4.0,
      4.0,
      0.0,
      0.0,
      4.0,
      4.0,
      0.0,
      0.0,
      4.0,
      4.0,
      0.0,
      0.0,
      4.0,
      4.0,
      0.0,
      0.0,
      4.0,
      4.0,
      0.0,
      0.0,
      4.0,
      4.0,
      0.0,
      0.0,
      4.0,
      4.0,
      0.0,
      0.0,
      4.0,
      4.0,
      0.0,
      0.0,
      4.0,
      4.0,
      0.0,
      0.0,
      4.0,
      4.0,
      0.0,
      0.0,
      4.0,
      4.0,
      0.0,
      0.0,
      4.0,
      4.0,
      0.0,
      0.0,
      4.0,
      4.0,
      0.0,
      0.0
    ],
    "schedule_note": "保留 OGS 曲线供追溯；当前 baseline 仅支持单一连续工况。"
  },
  "boundary_conditions": {
    "initial_temperature": "14.8-0.033*Z",
    "surface_boundary": 14.8,
    "outer_boundary_temperature": null,
    "bottom_boundary": null
  },
  "geometry_points": [
    {
      "id": "0",
      "name": "TOP_left_down",
      "x": -50.0,
      "y": 0.0,
      "z": 0.0
    },
    {
      "id": "1",
      "name": "TOP_left_upper",
      "x": -50.0,
      "y": 100.0,
      "z": 0.0
    },
    {
      "id": "2",
      "name": "TOP_right_upper",
      "x": 50.0,
      "y": 100.0,
      "z": 0.0
    },
    {
      "id": "3",
      "name": "TOP_right_down",
      "x": 50.0,
      "y": 0.0,
      "z": 0.0
    },
    {
      "id": "4",
      "name": "bottom_left_down",
      "x": -50.0,
      "y": 0.0,
      "z": -2610.0
    },
    {
      "id": "5",
      "name": "bottom_left_upper",
      "x": -50.0,
      "y": 100.0,
      "z": -2610.0
    },
    {
      "id": "6",
      "name": "bottom_right_upper",
      "x": 50.0,
      "y": 100.0,
      "z": -2610.0
    },
    {
      "id": "7",
      "name": "bottom_right_down",
      "x": 50.0,
      "y": 0.0,
      "z": -2610.0
    },
    {
      "id": "8",
      "name": "BHE1_BOTTOM",
      "x": 0.0,
      "y": 50.0,
      "z": -2510.0
    },
    {
      "id": "9",
      "name": "BHE1_TOP",
      "x": 0.0,
      "y": 50.0,
      "z": -10.0
    }
  ]
}